"Day ","Items ","Note ","Amount "
"90","Marketing Expense","Cash Payment - Marketing Report Subscription","20000"
"90","Salary Expense","Cash Payment - Salary Expense","31492"
"90","Shipping Expense","Cash Payment - Shipping Expense - WEB SO : 15106","114"
"90","Shipping Expense","Cash Payment - Shipping Expense - WEB SO : 15133","263"
"90","Shipping Expense","Cash Payment - Shipping Expense - WEB SO : 15136","291"
"90","Rental Expense","Cash Payment - Rental - New York","4020"
"90","Rental Expense","Cash Payment - Rental - Washington, D.C.","4800"
"90","Rental Expense","Cash Payment - Rental - Detroit","1500"
"90","Rental Expense","Cash Payment - Rental - Chicago","2220"
"90","Rental Expense","Cash Payment - Rental - Miami","1120"
"89","Human Resource Expense","Counselled","2000"
"89","Human Resource Expense","Counselled","2000"
"89","Human Resource Expense","Attended Training","15000"
"89","Marketing Expense","Cash Payment - Marketing Report Subscription","20000"
"89","Salary Expense","Cash Payment - Salary Expense","31400"
"89","Depreciation Expense","Non-Cash Expense - Depreciation","5000"
"89","Rental Expense","Cash Payment - Rental - New York","4020"
"89","Rental Expense","Cash Payment - Rental - Washington, D.C.","4800"
"89","Rental Expense","Cash Payment - Rental - Detroit","1500"
"89","Rental Expense","Cash Payment - Rental - Chicago","2220"
"89","Rental Expense","Cash Payment - Rental - Miami","1120"
"88","Human Resource Expense","Counselled","2000"
"88","Human Resource Expense","Counselled","2000"
"88","Marketing Expense","Cash Payment - Marketing Report Subscription","20000"
"88","Salary Expense","Cash Payment - Salary Expense","31400"
"88","Shipping Expense","Cash Payment - Shipping Expense - WEB SO : 14673","251"
"88","Shipping Expense","Cash Payment - Shipping Expense - WEB SO : 14750","326"
"88","Shipping Expense","Cash Payment - Shipping Expense - WEB SO : 14764","133"
"88","Depreciation Expense","Non-Cash Expense - Depreciation","5000"
"88","Rental Expense","Cash Payment - Rental - New York","4020"
"88","Rental Expense","Cash Payment - Rental - Washington, D.C.","4800"
"88","Rental Expense","Cash Payment - Rental - Detroit","1500"
"88","Rental Expense","Cash Payment - Rental - Chicago","2220"
"88","Rental Expense","Cash Payment - Rental - Miami","1120"
"87","Human Resource Expense","Cash Payment - Staff Recruiting","15000"
"87","Human Resource Expense","Counselled","2000"
"87","Salary Expense","Cash Payment - Salary Expense","31336"
"87","Shipping Expense","Cash Payment - Shipping Expense - WEB SO : 14559","157"
"87","Depreciation Expense","Non-Cash Expense - Depreciation","8333"
"87","Rental Expense","Cash Payment - Rental - New York","4020"
"87","Rental Expense","Cash Payment - Rental - Washington, D.C.","4800"
"87","Rental Expense","Cash Payment - Rental - Detroit","1500"
"87","Rental Expense","Cash Payment - Rental - Chicago","2220"
"87","Rental Expense","Cash Payment - Rental - Miami","1120"
"86","Human Resource Expense","Attended Training","15000"
"86","Salary Expense","Cash Payment - Salary Expense","30986"
"86","Shipping Expense","Cash Payment - Shipping Expense - WEB SO : 14378","143"
"86","Depreciation Expense","Non-Cash Expense - Depreciation","8333"
"86","Rental Expense","Cash Payment - Rental - New York","4020"
"86","Rental Expense","Cash Payment - Rental - Washington, D.C.","4800"
"86","Rental Expense","Cash Payment - Rental - Detroit","1500"
"86","Rental Expense","Cash Payment - Rental - Chicago","2220"
"86","Rental Expense","Cash Payment - Rental - Miami","1120"
"85","Human Resource Expense","Counselled","2000"
"85","Salary Expense","Cash Payment - Salary Expense","30986"
"85","Shipping Expense","Cash Payment - Shipping Expense - WEB SO : 14198","230"
"85","Shipping Expense","Cash Payment - Shipping Expense - WEB SO : 14204","294"
"85","Depreciation Expense","Non-Cash Expense - Depreciation","8333"
"85","Rental Expense","Cash Payment - Rental - New York","4020"
"85","Rental Expense","Cash Payment - Rental - Washington, D.C.","4800"
"85","Rental Expense","Cash Payment - Rental - Detroit","1500"
"85","Rental Expense","Cash Payment - Rental - Chicago","2220"
"85","Rental Expense","Cash Payment - Rental - Miami","1120"
"84","Salary Expense","Cash Payment - Salary Expense","30986"
"84","Shipping Expense","Cash Payment - Shipping Expense - WEB SO : 14012","195"
"84","Depreciation Expense","Non-Cash Expense - Depreciation","8333"
"84","Rental Expense","Cash Payment - Rental - New York","4020"
"84","Rental Expense","Cash Payment - Rental - Washington, D.C.","4800"
"84","Rental Expense","Cash Payment - Rental - Detroit","1500"
"84","Rental Expense","Cash Payment - Rental - Chicago","2220"
"84","Rental Expense","Cash Payment - Rental - Miami","1120"
"83","Salary Expense","Cash Payment - Salary Expense","30986"
"83","Shipping Expense","Cash Payment - Shipping Expense - WEB SO : 13798","176"
"83","Depreciation Expense","Non-Cash Expense - Depreciation","8333"
"83","Rental Expense","Cash Payment - Rental - New York","4020"
"83","Rental Expense","Cash Payment - Rental - Washington, D.C.","4800"
"83","Rental Expense","Cash Payment - Rental - Detroit","1500"
"83","Rental Expense","Cash Payment - Rental - Chicago","2220"
"83","Rental Expense","Cash Payment - Rental - Miami","1120"
"82","Human Resource Expense","Counselled","2000"
"82","Human Resource Expense","Counselled","2000"
"82","Salary Expense","Cash Payment - Salary Expense","30918"
"82","Shipping Expense","Cash Payment - Shipping Expense - WEB SO : 13640","122"
"82","Depreciation Expense","Non-Cash Expense - Depreciation","8333"
"82","Rental Expense","Cash Payment - Rental - New York","4020"
"82","Rental Expense","Cash Payment - Rental - Washington, D.C.","4800"
"82","Rental Expense","Cash Payment - Rental - Detroit","1500"
"82","Rental Expense","Cash Payment - Rental - Chicago","2220"
"82","Rental Expense","Cash Payment - Rental - Miami","1120"
"81","Salary Expense","Cash Payment - Salary Expense","30563"
"81","Shipping Expense","Cash Payment - Shipping Expense - WEB SO : 13495","317"
"81","Depreciation Expense","Non-Cash Expense - Depreciation","8333"
"81","Rental Expense","Cash Payment - Rental - New York","4020"
"81","Rental Expense","Cash Payment - Rental - Washington, D.C.","4800"
"81","Rental Expense","Cash Payment - Rental - Detroit","1500"
"81","Rental Expense","Cash Payment - Rental - Chicago","2220"
"81","Rental Expense","Cash Payment - Rental - Miami","1120"
"80","Human Resource Expense","Counselled","2000"
"80","Salary Expense","Cash Payment - Salary Expense","29642"
"80","Shipping Expense","Cash Payment - Shipping Expense - WEB SO : 12657","263"
"80","Depreciation Expense","Non-Cash Expense - Depreciation","8333"
"80","Rental Expense","Cash Payment - Rental - New York","4020"
"80","Rental Expense","Cash Payment - Rental - Washington, D.C.","4800"
"80","Rental Expense","Cash Payment - Rental - Detroit","1500"
"80","Rental Expense","Cash Payment - Rental - Chicago","2220"
"80","Rental Expense","Cash Payment - Rental - Miami","1120"
"79","Salary Expense","Cash Payment - Salary Expense","29554"
"79","Depreciation Expense","Non-Cash Expense - Depreciation","8333"
"79","Rental Expense","Cash Payment - Rental - New York","4020"
"79","Rental Expense","Cash Payment - Rental - Washington, D.C.","4800"
"79","Rental Expense","Cash Payment - Rental - Detroit","1500"
"79","Rental Expense","Cash Payment - Rental - Chicago","2220"
"79","Rental Expense","Cash Payment - Rental - Miami","1120"
"78","Human Resource Expense","Counselled","2000"
"78","Salary Expense","Cash Payment - Salary Expense","29554"
"78","Shipping Expense","Cash Payment - Shipping Expense - WEB SO : 12941","180"
"78","Depreciation Expense","Non-Cash Expense - Depreciation","8333"
"78","Rental Expense","Cash Payment - Rental - New York","4020"
"78","Rental Expense","Cash Payment - Rental - Washington, D.C.","4800"
"78","Rental Expense","Cash Payment - Rental - Detroit","1500"
"78","Rental Expense","Cash Payment - Rental - Chicago","2220"
"78","Rental Expense","Cash Payment - Rental - Miami","1120"
"77","Salary Expense","Cash Payment - Salary Expense","29493"
"77","Depreciation Expense","Non-Cash Expense - Depreciation","8333"
"77","Rental Expense","Cash Payment - Rental - New York","4020"
"77","Rental Expense","Cash Payment - Rental - Washington, D.C.","4800"
"77","Rental Expense","Cash Payment - Rental - Detroit","1500"
"77","Rental Expense","Cash Payment - Rental - Chicago","2220"
"77","Rental Expense","Cash Payment - Rental - Miami","1120"
"76","Human Resource Expense","Counselled","2000"
"76","Salary Expense","Cash Payment - Salary Expense","29493"
"76","Shipping Expense","Cash Payment - Shipping Expense - WEB SO : 12450","181"
"76","Depreciation Expense","Non-Cash Expense - Depreciation","8333"
"76","Rental Expense","Cash Payment - Rental - New York","4020"
"76","Rental Expense","Cash Payment - Rental - Washington, D.C.","4800"
"76","Rental Expense","Cash Payment - Rental - Detroit","1500"
"76","Rental Expense","Cash Payment - Rental - Chicago","2220"
"76","Rental Expense","Cash Payment - Rental - Miami","1120"
"75","Human Resource Expense","Counselled","2000"
"75","Salary Expense","Cash Payment - Salary Expense","29493"
"75","Shipping Expense","Cash Payment - Shipping Expense - WEB SO : 12357","180"
"75","Depreciation Expense","Non-Cash Expense - Depreciation","8333"
"75","Rental Expense","Cash Payment - Rental - New York","4020"
"75","Rental Expense","Cash Payment - Rental - Washington, D.C.","4800"
"75","Rental Expense","Cash Payment - Rental - Detroit","1500"
"75","Rental Expense","Cash Payment - Rental - Chicago","2220"
"75","Rental Expense","Cash Payment - Rental - Miami","1120"
"74","Salary Expense","Cash Payment - Salary Expense","29493"
"74","Depreciation Expense","Non-Cash Expense - Depreciation","8333"
"74","Rental Expense","Cash Payment - Rental - New York","4020"
"74","Rental Expense","Cash Payment - Rental - Washington, D.C.","4800"
"74","Rental Expense","Cash Payment - Rental - Detroit","1500"
"74","Rental Expense","Cash Payment - Rental - Chicago","2220"
"74","Rental Expense","Cash Payment - Rental - Miami","1120"
"73","Human Resource Expense","Cash Payment - Staff Recruiting","15000"
"73","Human Resource Expense","Counselled","2000"
"73","Human Resource Expense","Counselled","2000"
"73","Salary Expense","Cash Payment - Salary Expense","29493"
"73","Depreciation Expense","Non-Cash Expense - Depreciation","8333"
"73","Rental Expense","Cash Payment - Rental - New York","4020"
"73","Rental Expense","Cash Payment - Rental - Washington, D.C.","4800"
"73","Rental Expense","Cash Payment - Rental - Detroit","1500"
"73","Rental Expense","Cash Payment - Rental - Chicago","2220"
"73","Rental Expense","Cash Payment - Rental - Miami","1120"
"72","Salary Expense","Cash Payment - Salary Expense","29097"
"72","Depreciation Expense","Non-Cash Expense - Depreciation","8333"
"72","Rental Expense","Cash Payment - Rental - New York","4020"
"72","Rental Expense","Cash Payment - Rental - Washington, D.C.","4800"
"72","Rental Expense","Cash Payment - Rental - Detroit","1500"
"72","Rental Expense","Cash Payment - Rental - Chicago","2220"
"72","Rental Expense","Cash Payment - Rental - Miami","1120"
"71","Human Resource Expense","Counselled","2000"
"71","Human Resource Expense","Counselled","2000"
"71","Human Resource Expense","Counselled","2000"
"71","Salary Expense","Cash Payment - Salary Expense","28768"
"71","Depreciation Expense","Non-Cash Expense - Depreciation","8333"
"71","Rental Expense","Cash Payment - Rental - New York","4020"
"71","Rental Expense","Cash Payment - Rental - Washington, D.C.","4800"
"71","Rental Expense","Cash Payment - Rental - Detroit","1500"
"71","Rental Expense","Cash Payment - Rental - Chicago","2220"
"71","Rental Expense","Cash Payment - Rental - Miami","1120"
"70","Salary Expense","Cash Payment - Salary Expense","28387"
"70","Depreciation Expense","Non-Cash Expense - Depreciation","13333"
"70","Rental Expense","Cash Payment - Rental - New York","4020"
"70","Rental Expense","Cash Payment - Rental - Washington, D.C.","4800"
"70","Rental Expense","Cash Payment - Rental - Detroit","1500"
"70","Rental Expense","Cash Payment - Rental - Chicago","2220"
"70","Rental Expense","Cash Payment - Rental - Miami","1120"
"69","Salary Expense","Cash Payment - Salary Expense","28303"
"69","Depreciation Expense","Non-Cash Expense - Depreciation","13333"
"69","Rental Expense","Cash Payment - Rental - New York","4020"
"69","Rental Expense","Cash Payment - Rental - Washington, D.C.","4800"
"69","Rental Expense","Cash Payment - Rental - Detroit","1500"
"69","Rental Expense","Cash Payment - Rental - Chicago","2220"
"69","Rental Expense","Cash Payment - Rental - Miami","1120"
"68","Human Resource Expense","Counselled","2000"
"68","Salary Expense","Cash Payment - Salary Expense","28303"
"68","Depreciation Expense","Non-Cash Expense - Depreciation","13333"
"68","Rental Expense","Cash Payment - Rental - New York","4020"
"68","Rental Expense","Cash Payment - Rental - Washington, D.C.","4800"
"68","Rental Expense","Cash Payment - Rental - Detroit","1500"
"68","Rental Expense","Cash Payment - Rental - Chicago","2220"
"68","Rental Expense","Cash Payment - Rental - Miami","1120"
"67","Human Resource Expense","Counselled","2000"
"67","Human Resource Expense","Counselled","2000"
"67","Human Resource Expense","Counselled","2000"
"67","Human Resource Expense","Counselled","2000"
"67","Salary Expense","Cash Payment - Salary Expense","28245"
"67","Depreciation Expense","Non-Cash Expense - Depreciation","13333"
"67","Rental Expense","Cash Payment - Rental - New York","4020"
"67","Rental Expense","Cash Payment - Rental - Washington, D.C.","4800"
"67","Rental Expense","Cash Payment - Rental - Detroit","1500"
"67","Rental Expense","Cash Payment - Rental - Chicago","2220"
"67","Rental Expense","Cash Payment - Rental - Miami","1120"
"66","Human Resource Expense","Counselled","2000"
"66","Salary Expense","Cash Payment - Salary Expense","28245"
"66","Depreciation Expense","Non-Cash Expense - Depreciation","13333"
"66","Rental Expense","Cash Payment - Rental - New York","4020"
"66","Rental Expense","Cash Payment - Rental - Washington, D.C.","4800"
"66","Rental Expense","Cash Payment - Rental - Detroit","1500"
"66","Rental Expense","Cash Payment - Rental - Chicago","2220"
"66","Rental Expense","Cash Payment - Rental - Miami","1120"
"65","Salary Expense","Cash Payment - Salary Expense","28245"
"65","Shipping Expense","Cash Payment - Shipping Expense - WEB SO : 10305","93"
"65","Depreciation Expense","Non-Cash Expense - Depreciation","13333"
"65","Rental Expense","Cash Payment - Rental - New York","4020"
"65","Rental Expense","Cash Payment - Rental - Washington, D.C.","4800"
"65","Rental Expense","Cash Payment - Rental - Detroit","1500"
"65","Rental Expense","Cash Payment - Rental - Chicago","2220"
"65","Rental Expense","Cash Payment - Rental - Miami","1120"
"64","Human Resource Expense","Counselled","2000"
"64","Salary Expense","Cash Payment - Salary Expense","28245"
"64","Depreciation Expense","Non-Cash Expense - Depreciation","13333"
"64","Overflow Expense - Retail","Cash Payment - Overflow Fee  - New York","78"
"64","Rental Expense","Cash Payment - Rental - New York","4020"
"64","Rental Expense","Cash Payment - Rental - Washington, D.C.","4800"
"64","Rental Expense","Cash Payment - Rental - Detroit","1500"
"64","Rental Expense","Cash Payment - Rental - Chicago","2220"
"64","Rental Expense","Cash Payment - Rental - Miami","1120"
"63","Human Resource Expense","Counselled","2000"
"63","Human Resource Expense","Counselled","2000"
"63","Human Resource Expense","Staff Transfer","15000"
"63","Salary Expense","Cash Payment - Salary Expense","28245"
"63","Depreciation Expense","Non-Cash Expense - Depreciation","13333"
"63","Overflow Expense - Retail","Cash Payment - Overflow Fee  - New York","234"
"63","Rental Expense","Cash Payment - Rental - New York","4020"
"63","Rental Expense","Cash Payment - Rental - Washington, D.C.","4800"
"63","Rental Expense","Cash Payment - Rental - Detroit","1500"
"63","Rental Expense","Cash Payment - Rental - Chicago","2220"
"63","Rental Expense","Cash Payment - Rental - Miami","1120"
"62","Salary Expense","Cash Payment - Salary Expense","28669"
"62","Depreciation Expense","Non-Cash Expense - Depreciation","18333"
"62","Overflow Expense - Retail","Cash Payment - Overflow Fee  - New York","390"
"62","Rental Expense","Cash Payment - Rental - New York","4020"
"62","Rental Expense","Cash Payment - Rental - Washington, D.C.","4800"
"62","Rental Expense","Cash Payment - Rental - Detroit","1500"
"62","Rental Expense","Cash Payment - Rental - Chicago","2220"
"62","Rental Expense","Cash Payment - Rental - Miami","1120"
"61","Human Resource Expense","Counselled","2000"
"61","Human Resource Expense","Counselled","2000"
"61","Human Resource Expense","Counselled","2000"
"61","Salary Expense","Cash Payment - Salary Expense","28333"
"61","Depreciation Expense","Non-Cash Expense - Depreciation","18333"
"61","Rental Expense","Cash Payment - Rental - New York","4020"
"61","Overflow Expense - Warehouse","Cash Payment - Overflow Fee - Washington, D.C.","560"
"61","Rental Expense","Cash Payment - Rental - Washington, D.C.","3600"
"61","Rental Expense","Cash Payment - Rental - Detroit","1500"
"61","Rental Expense","Cash Payment - Rental - Chicago","2220"
"61","Rental Expense","Cash Payment - Rental - Miami","1120"
"60","Salary Expense","Cash Payment - Salary Expense","27499"
"60","Depreciation Expense","Non-Cash Expense - Depreciation","18333"
"60","Rental Expense","Cash Payment - Rental - New York","4020"
"60","Overflow Expense - Warehouse","Cash Payment - Overflow Fee - Washington, D.C.","798"
"60","Rental Expense","Cash Payment - Rental - Washington, D.C.","3600"
"60","Rental Expense","Cash Payment - Rental - Detroit","1500"
"60","Rental Expense","Cash Payment - Rental - Chicago","2220"
"60","Rental Expense","Cash Payment - Rental - Miami","1120"
"59","Human Resource Expense","Counselled","2000"
"59","Human Resource Expense","Counselled","2000"
"59","Salary Expense","Cash Payment - Salary Expense","27419"
"59","Depreciation Expense","Non-Cash Expense - Depreciation","18333"
"59","Rental Expense","Cash Payment - Rental - New York","4020"
"59","Overflow Expense - Warehouse","Cash Payment - Overflow Fee - Washington, D.C.","140"
"59","Rental Expense","Cash Payment - Rental - Washington, D.C.","3600"
"59","Rental Expense","Cash Payment - Rental - Detroit","1500"
"59","Rental Expense","Cash Payment - Rental - Chicago","2220"
"59","Rental Expense","Cash Payment - Rental - Miami","1120"
"58","Human Resource Expense","Counselled","2000"
"58","Human Resource Expense","Counselled","2000"
"58","Salary Expense","Cash Payment - Salary Expense","27419"
"58","Depreciation Expense","Non-Cash Expense - Depreciation","18333"
"58","Rental Expense","Cash Payment - Rental - New York","4020"
"58","Overflow Expense - Warehouse","Cash Payment - Overflow Fee - Washington, D.C.","245"
"58","Rental Expense","Cash Payment - Rental - Washington, D.C.","3600"
"58","Rental Expense","Cash Payment - Rental - Detroit","1500"
"58","Rental Expense","Cash Payment - Rental - Chicago","2220"
"58","Rental Expense","Cash Payment - Rental - Miami","1120"
"57","Salary Expense","Cash Payment - Salary Expense","27364"
"57","Shipping Expense","Cash Payment - Shipping Expense - WEB SO : 9040","34"
"57","Depreciation Expense","Non-Cash Expense - Depreciation","18333"
"57","Rental Expense","Cash Payment - Rental - New York","4020"
"57","Overflow Expense - Warehouse","Cash Payment - Overflow Fee - Washington, D.C.","168"
"57","Rental Expense","Cash Payment - Rental - Washington, D.C.","3600"
"57","Rental Expense","Cash Payment - Rental - Detroit","1500"
"57","Rental Expense","Cash Payment - Rental - Chicago","2220"
"57","Rental Expense","Cash Payment - Rental - Miami","1120"
"56","Human Resource Expense","Counselled","2000"
"56","Human Resource Expense","Counselled","2000"
"56","Salary Expense","Cash Payment - Salary Expense","27364"
"56","Depreciation Expense","Non-Cash Expense - Depreciation","18333"
"56","Rental Expense","Cash Payment - Rental - New York","4020"
"56","Overflow Expense - Warehouse","Cash Payment - Overflow Fee - Washington, D.C.","70"
"56","Rental Expense","Cash Payment - Rental - Washington, D.C.","3600"
"56","Rental Expense","Cash Payment - Rental - Detroit","1500"
"56","Rental Expense","Cash Payment - Rental - Chicago","2220"
"56","Rental Expense","Cash Payment - Rental - Miami","1120"
"55","Salary Expense","Cash Payment - Salary Expense","27364"
"55","Depreciation Expense","Non-Cash Expense - Depreciation","18333"
"55","Rental Expense","Cash Payment - Rental - New York","4020"
"55","Rental Expense","Cash Payment - Rental - Washington, D.C.","3600"
"55","Rental Expense","Cash Payment - Rental - Detroit","1500"
"55","Rental Expense","Cash Payment - Rental - Chicago","2220"
"55","Rental Expense","Cash Payment - Rental - Miami","1120"
"54","Human Resource Expense","Counselled","2000"
"54","Salary Expense","Cash Payment - Salary Expense","27364"
"54","Depreciation Expense","Non-Cash Expense - Depreciation","18333"
"54","Rental Expense","Cash Payment - Rental - New York","4020"
"54","Rental Expense","Cash Payment - Rental - Washington, D.C.","3600"
"54","Rental Expense","Cash Payment - Rental - Detroit","1500"
"54","Rental Expense","Cash Payment - Rental - Chicago","2220"
"54","Rental Expense","Cash Payment - Rental - Miami","1120"
"53","Salary Expense","Cash Payment - Salary Expense","27364"
"53","Depreciation Expense","Non-Cash Expense - Depreciation","18333"
"53","Rental Expense","Cash Payment - Rental - New York","4020"
"53","Rental Expense","Cash Payment - Rental - Washington, D.C.","3600"
"53","Rental Expense","Cash Payment - Rental - Detroit","1500"
"53","Rental Expense","Cash Payment - Rental - Chicago","2220"
"53","Rental Expense","Cash Payment - Rental - Miami","1120"
"52","Human Resource Expense","Counselled","2000"
"52","Human Resource Expense","Counselled","2000"
"52","Salary Expense","Cash Payment - Salary Expense","27322"
"52","Shipping Expense","Cash Payment - Shipping Expense - WEB SO : 8066","116"
"52","Depreciation Expense","Non-Cash Expense - Depreciation","18333"
"52","Rental Expense","Cash Payment - Rental - New York","4020"
"52","Rental Expense","Cash Payment - Rental - Washington, D.C.","3600"
"52","Rental Expense","Cash Payment - Rental - Detroit","1500"
"52","Rental Expense","Cash Payment - Rental - Chicago","2220"
"52","Rental Expense","Cash Payment - Rental - Miami","1120"
"51","Salary Expense","Cash Payment - Salary Expense","26998"
"51","Depreciation Expense","Non-Cash Expense - Depreciation","18333"
"51","Rental Expense","Cash Payment - Rental - New York","4020"
"51","Rental Expense","Cash Payment - Rental - Washington, D.C.","3600"
"51","Rental Expense","Cash Payment - Rental - Detroit","1500"
"51","Rental Expense","Cash Payment - Rental - Chicago","2220"
"51","Rental Expense","Cash Payment - Rental - Miami","1120"
"50","Salary Expense","Cash Payment - Salary Expense","26202"
"50","Shipping Expense","Cash Payment - Shipping Expense - WEB SO : 7803","175"
"50","Depreciation Expense","Non-Cash Expense - Depreciation","18333"
"50","Rental Expense","Cash Payment - Rental - New York","4020"
"50","Overflow Expense - Warehouse","Cash Payment - Overflow Fee - Washington, D.C.","1386"
"50","Rental Expense","Cash Payment - Rental - Washington, D.C.","3600"
"50","Rental Expense","Cash Payment - Rental - Detroit","1500"
"50","Rental Expense","Cash Payment - Rental - Chicago","2220"
"50","Rental Expense","Cash Payment - Rental - Miami","1120"
"49","Human Resource Expense","Counselled","2000"
"49","Salary Expense","Cash Payment - Salary Expense","26126"
"49","Shipping Expense","Cash Payment - Shipping Expense - WEB SO : 7463","127"
"49","Shipping Expense","Cash Payment - Shipping Expense - WEB SO : 7629","132"
"49","Depreciation Expense","Non-Cash Expense - Depreciation","18333"
"49","Rental Expense","Cash Payment - Rental - New York","4020"
"49","Overflow Expense - Warehouse","Cash Payment - Overflow Fee - Washington, D.C.","651"
"49","Rental Expense","Cash Payment - Rental - Washington, D.C.","3600"
"49","Rental Expense","Cash Payment - Rental - Detroit","1500"
"49","Rental Expense","Cash Payment - Rental - Chicago","2220"
"49","Rental Expense","Cash Payment - Rental - Miami","1120"
"48","Human Resource Expense","Counselled","2000"
"48","Human Resource Expense","Counselled","2000"
"48","Salary Expense","Cash Payment - Salary Expense","26126"
"48","Shipping Expense","Cash Payment - Shipping Expense - WEB SO : 7253","180"
"48","Shipping Expense","Cash Payment - Shipping Expense - WEB SO : 7263","182"
"48","Shipping Expense","Cash Payment - Shipping Expense - WEB SO : 7452","110"
"48","Depreciation Expense","Non-Cash Expense - Depreciation","18333"
"48","Rental Expense","Cash Payment - Rental - New York","4020"
"48","Overflow Expense - Warehouse","Cash Payment - Overflow Fee - Washington, D.C.","651"
"48","Rental Expense","Cash Payment - Rental - Washington, D.C.","3600"
"48","Overflow Expense - Retail","Cash Payment - Overflow Fee  - Detroit","58"
"48","Rental Expense","Cash Payment - Rental - Detroit","1500"
"48","Rental Expense","Cash Payment - Rental - Chicago","2220"
"48","Rental Expense","Cash Payment - Rental - Miami","1120"
"47","Human Resource Expense","Counselled","2000"
"47","Salary Expense","Cash Payment - Salary Expense","26072"
"47","Shipping Expense","Cash Payment - Shipping Expense - WEB SO : 7280","151"
"47","Depreciation Expense","Non-Cash Expense - Depreciation","18333"
"47","Rental Expense","Cash Payment - Rental - New York","4020"
"47","Overflow Expense - Warehouse","Cash Payment - Overflow Fee - Washington, D.C.","651"
"47","Rental Expense","Cash Payment - Rental - Washington, D.C.","3600"
"47","Overflow Expense - Retail","Cash Payment - Overflow Fee  - Detroit","116"
"47","Rental Expense","Cash Payment - Rental - Detroit","1500"
"47","Rental Expense","Cash Payment - Rental - Chicago","2220"
"47","Rental Expense","Cash Payment - Rental - Miami","1120"
"46","Salary Expense","Cash Payment - Salary Expense","26072"
"46","Shipping Expense","Cash Payment - Shipping Expense - WEB SO : 6935","219"
"46","Shipping Expense","Cash Payment - Shipping Expense - WEB SO : 7095","172"
"46","Depreciation Expense","Non-Cash Expense - Depreciation","18333"
"46","Rental Expense","Cash Payment - Rental - New York","4020"
"46","Overflow Expense - Warehouse","Cash Payment - Overflow Fee - Washington, D.C.","847"
"46","Rental Expense","Cash Payment - Rental - Washington, D.C.","3600"
"46","Overflow Expense - Retail","Cash Payment - Overflow Fee  - Detroit","203"
"46","Rental Expense","Cash Payment - Rental - Detroit","1500"
"46","Rental Expense","Cash Payment - Rental - Chicago","2220"
"46","Rental Expense","Cash Payment - Rental - Miami","1120"
"45","Salary Expense","Cash Payment - Salary Expense","26072"
"45","Depreciation Expense","Non-Cash Expense - Depreciation","18333"
"45","Rental Expense","Cash Payment - Rental - New York","4020"
"45","Overflow Expense - Warehouse","Cash Payment - Overflow Fee - Washington, D.C.","735"
"45","Rental Expense","Cash Payment - Rental - Washington, D.C.","3600"
"45","Overflow Expense - Retail","Cash Payment - Overflow Fee  - Detroit","290"
"45","Rental Expense","Cash Payment - Rental - Detroit","1500"
"45","Rental Expense","Cash Payment - Rental - Chicago","2220"
"45","Rental Expense","Cash Payment - Rental - Miami","1120"
"44","Salary Expense","Cash Payment - Salary Expense","26072"
"44","Shipping Expense","Cash Payment - Shipping Expense - WEB SO : 6577","235"
"44","Shipping Expense","Cash Payment - Shipping Expense - WEB SO : 6760","151"
"44","Depreciation Expense","Non-Cash Expense - Depreciation","18333"
"44","Rental Expense","Cash Payment - Rental - New York","4020"
"44","Overflow Expense - Warehouse","Cash Payment - Overflow Fee - Washington, D.C.","1834"
"44","Rental Expense","Cash Payment - Rental - Washington, D.C.","3600"
"44","Overflow Expense - Retail","Cash Payment - Overflow Fee  - Detroit","406"
"44","Rental Expense","Cash Payment - Rental - Detroit","1500"
"44","Rental Expense","Cash Payment - Rental - Chicago","2220"
"44","Rental Expense","Cash Payment - Rental - Miami","1120"
"43","Human Resource Expense","Counselled","2000"
"43","Human Resource Expense","Counselled","2000"
"43","Human Resource Expense","Counselled","2000"
"43","Human Resource Expense","Counselled","2000"
"43","Salary Expense","Cash Payment - Salary Expense","26072"
"43","Depreciation Expense","Non-Cash Expense - Depreciation","18333"
"43","Rental Expense","Cash Payment - Rental - New York","4020"
"43","Overflow Expense - Warehouse","Cash Payment - Overflow Fee - Washington, D.C.","385"
"43","Rental Expense","Cash Payment - Rental - Washington, D.C.","3600"
"43","Overflow Expense - Retail","Cash Payment - Overflow Fee  - Detroit","522"
"43","Rental Expense","Cash Payment - Rental - Detroit","1500"
"43","Rental Expense","Cash Payment - Rental - Chicago","2220"
"43","Rental Expense","Cash Payment - Rental - Miami","1120"
"42","Human Resource Expense","Cash Payment - Staff Recruiting - Miami","60000"
"42","Salary Expense","Cash Payment - Salary Expense","26032"
"42","Depreciation Expense","Non-Cash Expense - Depreciation","18333"
"42","Rental Expense","Cash Payment - Rental - New York","4020"
"42","Overflow Expense - Warehouse","Cash Payment - Overflow Fee - Washington, D.C.","406"
"42","Rental Expense","Cash Payment - Rental - Washington, D.C.","3600"
"42","Rental Expense","Cash Payment - Rental - Detroit","1500"
"42","Rental Expense","Cash Payment - Rental - Chicago","2220"
"42","Rental Expense","Cash Payment - Rental - Miami","1120"
"41","Salary Expense","Cash Payment - Salary Expense","24392"
"41","Shipping Expense","Cash Payment - Shipping Expense - WEB SO : 6208","195"
"41","Shipping Expense","Cash Payment - Shipping Expense - WEB SO : 6234","255"
"41","Shipping Expense","Cash Payment - Shipping Expense - WEB SO : 6237","267"
"41","Depreciation Expense","Non-Cash Expense - Depreciation","18333"
"41","Rental Expense","Cash Payment - Rental - New York","4020"
"41","Overflow Expense - Warehouse","Cash Payment - Overflow Fee - Washington, D.C.","343"
"41","Rental Expense","Cash Payment - Rental - Washington, D.C.","3600"
"41","Rental Expense","Cash Payment - Rental - Detroit","1500"
"41","Rental Expense","Cash Payment - Rental - Chicago","2220"
"40","Salary Expense","Cash Payment - Salary Expense","23634"
"40","Shipping Expense","Cash Payment - Shipping Expense - WEB SO : 6076","226"
"40","Depreciation Expense","Non-Cash Expense - Depreciation","18333"
"40","Rental Expense","Cash Payment - Rental - New York","4020"
"40","Rental Expense","Cash Payment - Rental - Washington, D.C.","3600"
"40","Rental Expense","Cash Payment - Rental - Detroit","1500"
"40","Rental Expense","Cash Payment - Rental - Chicago","2220"
"39","Human Resource Expense","Counselled","2000"
"39","Salary Expense","Cash Payment - Salary Expense","23562"
"39","Shipping Expense","Cash Payment - Shipping Expense - WEB SO : 5919","301"
"39","Depreciation Expense","Non-Cash Expense - Depreciation","18333"
"39","Rental Expense","Cash Payment - Rental - New York","4020"
"39","Rental Expense","Cash Payment - Rental - Washington, D.C.","3600"
"39","Rental Expense","Cash Payment - Rental - Detroit","1500"
"39","Rental Expense","Cash Payment - Rental - Chicago","2220"
"38","Human Resource Expense","Cash Payment - Staff Recruiting - Production","30000"
"38","Salary Expense","Cash Payment - Salary Expense","23562"
"38","Depreciation Expense","Non-Cash Expense - Depreciation","18333"
"38","Rental Expense","Cash Payment - Rental - New York","4020"
"38","Overflow Expense - Warehouse","Cash Payment - Overflow Fee - Washington, D.C.","1204"
"38","Rental Expense","Cash Payment - Rental - Washington, D.C.","3600"
"38","Rental Expense","Cash Payment - Rental - Detroit","1500"
"38","Rental Expense","Cash Payment - Rental - Chicago","2220"
"37","Salary Expense","Cash Payment - Salary Expense","22844"
"37","Shipping Expense","Cash Payment - Shipping Expense - WEB SO : 5475","161"
"37","Shipping Expense","Cash Payment - Shipping Expense - WEB SO : 5523","224"
"37","Depreciation Expense","Non-Cash Expense - Depreciation","13333"
"37","Rental Expense","Cash Payment - Rental - New York","4020"
"37","Rental Expense","Cash Payment - Rental - Washington, D.C.","3600"
"37","Rental Expense","Cash Payment - Rental - Detroit","1500"
"37","Rental Expense","Cash Payment - Rental - Chicago","2220"
"36","Salary Expense","Cash Payment - Salary Expense","22844"
"36","Shipping Expense","Cash Payment - Shipping Expense - WEB SO : 5336","339"
"36","Depreciation Expense","Non-Cash Expense - Depreciation","13333"
"36","Rental Expense","Cash Payment - Rental - New York","4020"
"36","Rental Expense","Cash Payment - Rental - Washington, D.C.","3600"
"36","Rental Expense","Cash Payment - Rental - Detroit","1500"
"36","Rental Expense","Cash Payment - Rental - Chicago","2220"
"35","Human Resource Expense","Counselled","2000"
"35","Salary Expense","Cash Payment - Salary Expense","22844"
"35","Shipping Expense","Cash Payment - Shipping Expense - WEB SO : 5031","251"
"35","Shipping Expense","Cash Payment - Shipping Expense - WEB SO : 5192","272"
"35","Depreciation Expense","Non-Cash Expense - Depreciation","13333"
"35","Rental Expense","Cash Payment - Rental - New York","4020"
"35","Rental Expense","Cash Payment - Rental - Washington, D.C.","3600"
"35","Rental Expense","Cash Payment - Rental - Detroit","1500"
"35","Rental Expense","Cash Payment - Rental - Chicago","2220"
"34","Salary Expense","Cash Payment - Salary Expense","22844"
"34","Depreciation Expense","Non-Cash Expense - Depreciation","13333"
"34","Rental Expense","Cash Payment - Rental - New York","4020"
"34","Rental Expense","Cash Payment - Rental - Washington, D.C.","3600"
"34","Rental Expense","Cash Payment - Rental - Detroit","1500"
"34","Rental Expense","Cash Payment - Rental - Chicago","2220"
"33","Salary Expense","Cash Payment - Salary Expense","22844"
"33","Shipping Expense","Cash Payment - Shipping Expense - WEB SO : 4472","247"
"33","Shipping Expense","Cash Payment - Shipping Expense - WEB SO : 4509","288"
"33","Shipping Expense","Cash Payment - Shipping Expense - WEB SO : 4634","195"
"33","Depreciation Expense","Non-Cash Expense - Depreciation","13333"
"33","Rental Expense","Cash Payment - Rental - New York","4020"
"33","Rental Expense","Cash Payment - Rental - Washington, D.C.","3600"
"33","Rental Expense","Cash Payment - Rental - Detroit","1500"
"33","Rental Expense","Cash Payment - Rental - Chicago","2220"
"32","Salary Expense","Cash Payment - Salary Expense","22806"
"32","Depreciation Expense","Non-Cash Expense - Depreciation","13333"
"32","Rental Expense","Cash Payment - Rental - New York","4020"
"32","Rental Expense","Cash Payment - Rental - Washington, D.C.","3600"
"32","Rental Expense","Cash Payment - Rental - Detroit","1500"
"32","Rental Expense","Cash Payment - Rental - Chicago","2220"
"31","Human Resource Expense","Counselled","2000"
"31","Human Resource Expense","Counselled","2000"
"31","Salary Expense","Cash Payment - Salary Expense","22578"
"31","Depreciation Expense","Non-Cash Expense - Depreciation","13333"
"31","Rental Expense","Cash Payment - Rental - New York","4020"
"31","Rental Expense","Cash Payment - Rental - Washington, D.C.","3600"
"31","Rental Expense","Cash Payment - Rental - Detroit","1500"
"31","Rental Expense","Cash Payment - Rental - Chicago","2220"
"30","Human Resource Expense","Counselled","2000"
"30","Salary Expense","Cash Payment - Salary Expense","21858"
"30","Depreciation Expense","Non-Cash Expense - Depreciation","13333"
"30","Rental Expense","Cash Payment - Rental - New York","4020"
"30","Rental Expense","Cash Payment - Rental - Washington, D.C.","3600"
"30","Rental Expense","Cash Payment - Rental - Detroit","1500"
"30","Rental Expense","Cash Payment - Rental - Chicago","2220"
"29","Salary Expense","Cash Payment - Salary Expense","21786"
"29","Depreciation Expense","Non-Cash Expense - Depreciation","13333"
"29","Rental Expense","Cash Payment - Rental - New York","4020"
"29","Rental Expense","Cash Payment - Rental - Washington, D.C.","3600"
"29","Rental Expense","Cash Payment - Rental - Detroit","1500"
"29","Rental Expense","Cash Payment - Rental - Chicago","2220"
"28","Human Resource Expense","Counselled","2000"
"28","Human Resource Expense","Cash Payment - Staff Recruiting - Production","15000"
"28","Human Resource Expense","Counselled","2000"
"28","Human Resource Expense","Counselled","2000"
"28","Salary Expense","Cash Payment - Salary Expense","21786"
"28","Shipping Expense","Cash Payment - Shipping Expense - WEB SO : 3774","171"
"28","Shipping Expense","Cash Payment - Shipping Expense - WEB SO : 3952","271"
"28","Depreciation Expense","Non-Cash Expense - Depreciation","13333"
"28","Rental Expense","Cash Payment - Rental - New York","4020"
"28","Rental Expense","Cash Payment - Rental - Washington, D.C.","3600"
"28","Rental Expense","Cash Payment - Rental - Detroit","1500"
"28","Rental Expense","Cash Payment - Rental - Chicago","2220"
"27","Salary Expense","Cash Payment - Salary Expense","21436"
"27","Shipping Expense","Cash Payment - Shipping Expense - WEB SO : 3766","349"
"27","Depreciation Expense","Non-Cash Expense - Depreciation","10000"
"27","Rental Expense","Cash Payment - Rental - New York","4020"
"27","Rental Expense","Cash Payment - Rental - Washington, D.C.","3600"
"27","Rental Expense","Cash Payment - Rental - Detroit","1500"
"27","Rental Expense","Cash Payment - Rental - Chicago","2220"
"26","Human Resource Expense","Attended Training","15000"
"26","Human Resource Expense","Counselled","2000"
"26","Salary Expense","Cash Payment - Salary Expense","21436"
"26","Depreciation Expense","Non-Cash Expense - Depreciation","10000"
"26","Rental Expense","Cash Payment - Rental - New York","4020"
"26","Rental Expense","Cash Payment - Rental - Washington, D.C.","3600"
"26","Rental Expense","Cash Payment - Rental - Detroit","1500"
"26","Rental Expense","Cash Payment - Rental - Chicago","2220"
"25","Human Resource Expense","Counselled","2000"
"25","Human Resource Expense","Counselled","2000"
"25","Human Resource Expense","Counselled","2000"
"25","Salary Expense","Cash Payment - Salary Expense","21436"
"25","Shipping Expense","Cash Payment - Shipping Expense - WEB SO : 3429","328"
"25","Shipping Expense","Cash Payment - Shipping Expense - WEB SO : 3433","144"
"25","Depreciation Expense","Non-Cash Expense - Depreciation","10000"
"25","Rental Expense","Cash Payment - Rental - New York","4020"
"25","Rental Expense","Cash Payment - Rental - Washington, D.C.","3600"
"25","Rental Expense","Cash Payment - Rental - Detroit","1500"
"25","Rental Expense","Cash Payment - Rental - Chicago","2220"
"24","Salary Expense","Cash Payment - Salary Expense","21436"
"24","Shipping Expense","Cash Payment - Shipping Expense - WEB SO : 3257","309"
"24","Depreciation Expense","Non-Cash Expense - Depreciation","10000"
"24","Rental Expense","Cash Payment - Rental - New York","4020"
"24","Rental Expense","Cash Payment - Rental - Washington, D.C.","3600"
"24","Rental Expense","Cash Payment - Rental - Detroit","1500"
"24","Rental Expense","Cash Payment - Rental - Chicago","2220"
"23","Salary Expense","Cash Payment - Salary Expense","21436"
"23","Shipping Expense","Cash Payment - Shipping Expense - WEB SO : 3076","200"
"23","Shipping Expense","Cash Payment - Shipping Expense - WEB SO : 3089","153"
"23","Depreciation Expense","Non-Cash Expense - Depreciation","10000"
"23","Rental Expense","Cash Payment - Rental - New York","4020"
"23","Rental Expense","Cash Payment - Rental - Washington, D.C.","3600"
"23","Rental Expense","Cash Payment - Rental - Detroit","1500"
"23","Rental Expense","Cash Payment - Rental - Chicago","2220"
"22","Human Resource Expense","Counselled","2000"
"22","Human Resource Expense","Counselled","2000"
"22","Human Resource Expense","Counselled","2000"
"22","Salary Expense","Cash Payment - Salary Expense","21400"
"22","Shipping Expense","Cash Payment - Shipping Expense - WEB SO : 2755","103"
"22","Shipping Expense","Cash Payment - Shipping Expense - WEB SO : 2902","127"
"22","Depreciation Expense","Non-Cash Expense - Depreciation","10000"
"22","Rental Expense","Cash Payment - Rental - New York","4020"
"22","Rental Expense","Cash Payment - Rental - Washington, D.C.","3600"
"22","Rental Expense","Cash Payment - Rental - Detroit","1500"
"22","Rental Expense","Cash Payment - Rental - Chicago","2220"
"21","Salary Expense","Cash Payment - Salary Expense","21184"
"21","Shipping Expense","Cash Payment - Shipping Expense - WEB SO : 2575","279"
"21","Shipping Expense","Cash Payment - Shipping Expense - WEB SO : 2580","222"
"21","Shipping Expense","Cash Payment - Shipping Expense - WEB SO : 2586","292"
"21","Shipping Expense","Cash Payment - Shipping Expense - WEB SO : 2731","176"
"21","Depreciation Expense","Non-Cash Expense - Depreciation","10000"
"21","Rental Expense","Cash Payment - Rental - New York","4020"
"21","Rental Expense","Cash Payment - Rental - Washington, D.C.","3600"
"21","Rental Expense","Cash Payment - Rental - Detroit","1500"
"21","Rental Expense","Cash Payment - Rental - Chicago","2220"
"20","Human Resource Expense","Counselled","2000"
"20","Human Resource Expense","Cash Payment - Staff Recruiting - Chicago","60000"
"20","Salary Expense","Cash Payment - Salary Expense","20500"
"20","Shipping Expense","Cash Payment - Shipping Expense - WEB SO : 2352","194"
"20","Shipping Expense","Cash Payment - Shipping Expense - WEB SO : 2389","385"
"20","Shipping Expense","Cash Payment - Shipping Expense - WEB SO : 2394","174"
"20","Shipping Expense","Cash Payment - Shipping Expense - WEB SO : 2570","161"
"20","Depreciation Expense","Non-Cash Expense - Depreciation","10000"
"20","Rental Expense","Cash Payment - Rental - New York","4020"
"20","Rental Expense","Cash Payment - Rental - Washington, D.C.","3600"
"20","Rental Expense","Cash Payment - Rental - Detroit","1500"
"20","Rental Expense","Cash Payment - Rental - Chicago","2220"
"19","Human Resource Expense","Counselled","2000"
"19","Human Resource Expense","Counselled","2000"
"19","Salary Expense","Cash Payment - Salary Expense","19100"
"19","Shipping Expense","Cash Payment - Shipping Expense - WEB SO : 2401","147"
"19","Shipping Expense","Cash Payment - Shipping Expense - WEB SO : 2408","137"
"19","Depreciation Expense","Non-Cash Expense - Depreciation","10000"
"19","Rental Expense","Cash Payment - Rental - New York","4020"
"19","Rental Expense","Cash Payment - Rental - Washington, D.C.","3600"
"19","Rental Expense","Cash Payment - Rental - Detroit","1500"
"18","Salary Expense","Cash Payment - Salary Expense","19100"
"18","Shipping Expense","Cash Payment - Shipping Expense - WEB SO : 2060","140"
"18","Shipping Expense","Cash Payment - Shipping Expense - WEB SO : 2075","200"
"18","Depreciation Expense","Non-Cash Expense - Depreciation","10000"
"18","Rental Expense","Cash Payment - Rental - New York","4020"
"18","Rental Expense","Cash Payment - Rental - Washington, D.C.","3600"
"18","Rental Expense","Cash Payment - Rental - Detroit","1500"
"17","Human Resource Expense","Counselled","2000"
"17","Human Resource Expense","Counselled","2000"
"17","Salary Expense","Cash Payment - Salary Expense","19100"
"17","Depreciation Expense","Non-Cash Expense - Depreciation","10000"
"17","Rental Expense","Cash Payment - Rental - New York","4020"
"17","Rental Expense","Cash Payment - Rental - Washington, D.C.","3600"
"17","Rental Expense","Cash Payment - Rental - Detroit","1500"
"16","Salary Expense","Cash Payment - Salary Expense","19100"
"16","Shipping Expense","Cash Payment - Shipping Expense - WEB SO : 1122","200"
"16","Shipping Expense","Cash Payment - Shipping Expense - WEB SO : 1303","267"
"16","Shipping Expense","Cash Payment - Shipping Expense - WEB SO : 1897","212"
"16","Depreciation Expense","Non-Cash Expense - Depreciation","10000"
"16","Rental Expense","Cash Payment - Rental - New York","4020"
"16","Rental Expense","Cash Payment - Rental - Washington, D.C.","3600"
"16","Rental Expense","Cash Payment - Rental - Detroit","1500"
"15","Human Resource Expense","Counselled","2000"
"15","Human Resource Expense","Counselled","2000"
"15","Salary Expense","Cash Payment - Salary Expense","19100"
"15","Depreciation Expense","Non-Cash Expense - Depreciation","10000"
"15","Rental Expense","Cash Payment - Rental - New York","4020"
"15","Rental Expense","Cash Payment - Rental - Washington, D.C.","3600"
"15","Rental Expense","Cash Payment - Rental - Detroit","1500"
"14","Salary Expense","Cash Payment - Salary Expense","19100"
"14","Shipping Expense","Cash Payment - Shipping Expense - WEB SO : 1594","138"
"14","Shipping Expense","Cash Payment - Shipping Expense - WEB SO : 1602","234"
"14","Depreciation Expense","Non-Cash Expense - Depreciation","10000"
"14","Rental Expense","Cash Payment - Rental - New York","4020"
"14","Rental Expense","Cash Payment - Rental - Washington, D.C.","3600"
"14","Rental Expense","Cash Payment - Rental - Detroit","1500"
"13","Human Resource Expense","Counselled","2000"
"13","Human Resource Expense","Counselled","2000"
"13","Salary Expense","Cash Payment - Salary Expense","19100"
"13","Shipping Expense","Cash Payment - Shipping Expense - WEB SO : 1444","104"
"13","Shipping Expense","Cash Payment - Shipping Expense - WEB SO : 1452","243"
"13","Depreciation Expense","Non-Cash Expense - Depreciation","10000"
"13","Rental Expense","Cash Payment - Rental - New York","4020"
"13","Rental Expense","Cash Payment - Rental - Washington, D.C.","3600"
"13","Rental Expense","Cash Payment - Rental - Detroit","1500"
"12","Salary Expense","Cash Payment - Salary Expense","19064"
"12","Depreciation Expense","Non-Cash Expense - Depreciation","10000"
"12","Rental Expense","Cash Payment - Rental - New York","4020"
"12","Rental Expense","Cash Payment - Rental - Washington, D.C.","3600"
"12","Rental Expense","Cash Payment - Rental - Detroit","1500"
"11","Human Resource Expense","Counselled","2000"
"11","Human Resource Expense","Counselled","2000"
"11","Human Resource Expense","Counselled","2000"
"11","Human Resource Expense","Cash Payment - Staff Recruiting - Production","30000"
"11","Salary Expense","Cash Payment - Salary Expense","18848"
"11","Depreciation Expense","Non-Cash Expense - Depreciation","10000"
"11","Rental Expense","Cash Payment - Rental - New York","4020"
"11","Rental Expense","Cash Payment - Rental - Washington, D.C.","3600"
"11","Rental Expense","Cash Payment - Rental - Detroit","1500"
"10","Human Resource Expense","Counselled","2000"
"10","Salary Expense","Cash Payment - Salary Expense","17500"
"10","Shipping Expense","Cash Payment - Shipping Expense - WEB SO : 820","125"
"10","Shipping Expense","Cash Payment - Shipping Expense - WEB SO : 829","134"
"10","Shipping Expense","Cash Payment - Shipping Expense - WEB SO : 839","241"
"10","Shipping Expense","Cash Payment - Shipping Expense - WEB SO : 855","284"
"10","Depreciation Expense","Non-Cash Expense - Depreciation","5000"
"10","Rental Expense","Cash Payment - Rental - New York","4020"
"10","Rental Expense","Cash Payment - Rental - Washington, D.C.","3600"
"10","Rental Expense","Cash Payment - Rental - Detroit","1500"
"9","Human Resource Expense","Counselled","2000"
"9","Salary Expense","Cash Payment - Salary Expense","17500"
"9","Shipping Expense","Cash Payment - Shipping Expense - WEB SO : 832","216"
"9","Depreciation Expense","Non-Cash Expense - Depreciation","5000"
"9","Rental Expense","Cash Payment - Rental - New York","4020"
"9","Rental Expense","Cash Payment - Rental - Washington, D.C.","3600"
"9","Rental Expense","Cash Payment - Rental - Detroit","1500"
"8","Human Resource Expense","Counselled","2000"
"8","Human Resource Expense","Counselled","2000"
"8","Salary Expense","Cash Payment - Salary Expense","17500"
"8","Shipping Expense","Cash Payment - Shipping Expense - WEB SO : 539","220"
"8","Shipping Expense","Cash Payment - Shipping Expense - WEB SO : 543","142"
"8","Shipping Expense","Cash Payment - Shipping Expense - WEB SO : 674","198"
"8","Depreciation Expense","Non-Cash Expense - Depreciation","5000"
"8","Rental Expense","Cash Payment - Rental - New York","4020"
"8","Rental Expense","Cash Payment - Rental - Washington, D.C.","3600"
"8","Rental Expense","Cash Payment - Rental - Detroit","1500"
"7","Salary Expense","Cash Payment - Salary Expense","17500"
"7","Shipping Expense","Cash Payment - Shipping Expense - WEB SO : 128","223"
"7","Shipping Expense","Cash Payment - Shipping Expense - WEB SO : 186","300"
"7","Shipping Expense","Cash Payment - Shipping Expense - WEB SO : 208","198"
"7","Shipping Expense","Cash Payment - Shipping Expense - WEB SO : 522","227"
"7","Depreciation Expense","Non-Cash Expense - Depreciation","5000"
"7","Rental Expense","Cash Payment - Rental - New York","4020"
"7","Rental Expense","Cash Payment - Rental - Washington, D.C.","3600"
"7","Rental Expense","Cash Payment - Rental - Detroit","1500"
"6","Salary Expense","Cash Payment - Salary Expense","17500"
"6","Shipping Expense","Cash Payment - Shipping Expense - WEB SO : 287","186"
"6","Shipping Expense","Cash Payment - Shipping Expense - WEB SO : 301","168"
"6","Depreciation Expense","Non-Cash Expense - Depreciation","5000"
"6","Rental Expense","Cash Payment - Rental - New York","4020"
"6","Rental Expense","Cash Payment - Rental - Washington, D.C.","3600"
"6","Rental Expense","Cash Payment - Rental - Detroit","1500"
"5","Salary Expense","Cash Payment - Salary Expense","17500"
"5","Depreciation Expense","Non-Cash Expense - Depreciation","5000"
"5","Rental Expense","Cash Payment - Rental - New York","4020"
"5","Rental Expense","Cash Payment - Rental - Washington, D.C.","3600"
"5","Rental Expense","Cash Payment - Rental - Detroit","1500"
"4","Salary Expense","Cash Payment - Salary Expense","17500"
"4","Depreciation Expense","Non-Cash Expense - Depreciation","5000"
"4","Rental Expense","Cash Payment - Rental - New York","4020"
"4","Rental Expense","Cash Payment - Rental - Washington, D.C.","3600"
"4","Rental Expense","Cash Payment - Rental - Detroit","1500"
"3","Human Resource Expense","Cash Payment - Staff Recruiting - Production","30000"
"3","Salary Expense","Cash Payment - Salary Expense","17500"
"3","Depreciation Expense","Non-Cash Expense - Depreciation","5000"
"3","Rental Expense","Cash Payment - Rental - New York","4020"
"3","Rental Expense","Cash Payment - Rental - Washington, D.C.","3600"
"3","Rental Expense","Cash Payment - Rental - Detroit","1500"
"2","Human Resource Expense","Cash Payment - Staff Recruiting - New York","60000"
"2","Human Resource Expense","Cash Payment - Staff Recruiting - Washington, D.C.","60000"
"2","Human Resource Expense","Cash Payment - Staff Recruiting - Detroit","60000"
"2","Salary Expense","Cash Payment - Salary Expense","16800"
"2","Rental Expense","Cash Payment - Rental - New York","4020"
"2","Rental Expense","Cash Payment - Rental - Washington, D.C.","3600"
"2","Rental Expense","Cash Payment - Rental - Detroit","1500"
"1","Salary Expense","Cash Payment - Salary Expense","12600"